{"cameraMode":{"drawMode":0,"name":"Shaded","section":"Shading Mode"},"sceneLighting":false,"audioPlay":false,"sceneViewState":{"m_AlwaysRefresh":false,"showFog":true,"showSkybox":false,"showFlares":true,"showImageEffects":true,"showParticleSystems":true,"showVisualEffectGraphs":true,"m_FxEnabled":true},"in2DMode":false,"pivot":{"x":-0.04673111438751221,"y":0.0770842656493187,"z":0.053202539682388309},"rotation":{"x":0.05176559090614319,"y":0.4264964759349823,"z":-0.024537235498428346,"w":0.9028533101081848},"size":0.36417537927627566,"orthographic":false}