{"cameraMode":{"drawMode":0,"name":"Shaded","section":"Shading Mode"},"sceneLighting":true,"audioPlay":false,"sceneViewState":{"m_AlwaysRefresh":false,"showFog":true,"showSkybox":true,"showFlares":true,"showImageEffects":true,"showParticleSystems":true,"showVisualEffectGraphs":true,"m_FxEnabled":true},"in2DMode":false,"pivot":{"x":-76.16653442382813,"y":34.82440948486328,"z":199.85301208496095},"rotation":{"x":-0.11022378504276276,"y":0.8906993269920349,"z":-0.28396326303482058,"w":-0.33941319584846499},"size":34.543983459472659,"orthographic":false}