{"cameraMode":{"drawMode":0,"name":"Shaded","section":"Shading Mode"},"sceneLighting":false,"audioPlay":false,"sceneViewState":{"m_AlwaysRefresh":false,"showFog":true,"showSkybox":false,"showFlares":true,"showImageEffects":true,"showParticleSystems":true,"showVisualEffectGraphs":true,"m_FxEnabled":true},"in2DMode":false,"pivot":{"x":0.05617189407348633,"y":0.3183094561100006,"z":0.31235772371292117},"rotation":{"x":0.06464681029319763,"y":0.35736244916915896,"z":-0.02486467733979225,"w":0.9315460920333862},"size":2.0143821239471437,"orthographic":false}