{"cameraMode":{"drawMode":0,"name":"Shaded","section":"Shading Mode"},"sceneLighting":false,"audioPlay":false,"sceneViewState":{"m_AlwaysRefresh":false,"showFog":true,"showSkybox":false,"showFlares":true,"showImageEffects":true,"showParticleSystems":true,"showVisualEffectGraphs":true,"m_FxEnabled":true},"in2DMode":false,"pivot":{"x":-2.384185791015625e-7,"y":1.4061484336853028,"z":0.0010745488107204438},"rotation":{"x":-0.2549304962158203,"y":0.4477330148220062,"z":-0.1325627565383911,"w":-0.8472679257392883},"size":1.6732890605926514,"orthographic":false}