{"cameraMode":{"drawMode":0,"name":"Shaded","section":"Shading Mode"},"sceneLighting":false,"audioPlay":false,"sceneViewState":{"m_AlwaysRefresh":false,"showFog":true,"showSkybox":false,"showFlares":true,"showImageEffects":true,"showParticleSystems":true,"showVisualEffectGraphs":true,"m_FxEnabled":true},"in2DMode":false,"pivot":{"x":-3.5932273864746095,"y":0.7881691455841065,"z":-8.378154754638672},"rotation":{"x":0.022954383864998819,"y":-0.9771165251731873,"z":0.17196814715862275,"w":0.12610934674739839},"size":5.868677139282227,"orthographic":false}