{"cameraMode":{"drawMode":0,"name":"Shaded","section":"Shading Mode"},"sceneLighting":false,"audioPlay":false,"sceneViewState":{"m_AlwaysRefresh":false,"showFog":true,"showSkybox":false,"showFlares":true,"showImageEffects":true,"showParticleSystems":true,"showVisualEffectGraphs":true,"m_FxEnabled":true},"in2DMode":false,"pivot":{"x":0.006505042314529419,"y":2.858266592025757,"z":-0.030623987317085267},"rotation":{"x":-0.5930292010307312,"y":0.002896863967180252,"z":-0.0021325168199837209,"w":-0.8051906824111939},"size":0.25937461853027346,"orthographic":false}