{"cameraMode":{"drawMode":0,"name":"Shaded","section":"Shading Mode"},"sceneLighting":false,"audioPlay":false,"sceneViewState":{"m_AlwaysRefresh":false,"showFog":true,"showSkybox":false,"showFlares":true,"showImageEffects":true,"showParticleSystems":true,"showVisualEffectGraphs":true,"m_FxEnabled":true},"in2DMode":false,"pivot":{"x":-5.000002384185791,"y":2.9990103244781496,"z":-9.827832221984864},"rotation":{"x":-0.0678110420703888,"y":0.026670748367905618,"z":0.0000886725538293831,"w":-0.9977866411209106},"size":11.795352935791016,"orthographic":false}