{"cameraMode":{"drawMode":0,"name":"Shaded","section":"Shading Mode"},"sceneLighting":false,"audioPlay":false,"sceneViewState":{"m_AlwaysRefresh":false,"showFog":true,"showSkybox":false,"showFlares":true,"showImageEffects":true,"showParticleSystems":true,"showVisualEffectGraphs":true,"m_FxEnabled":true},"in2DMode":false,"pivot":{"x":-5.107057571411133,"y":2.044795513153076,"z":-7.9509124755859379},"rotation":{"x":-0.14980749785900117,"y":0.025103941559791566,"z":-0.0018881281139329076,"w":-0.9888445138931274},"size":4.21262264251709,"orthographic":false}