{"cameraMode":{"drawMode":0,"name":"Shaded","section":"Shading Mode"},"sceneLighting":false,"audioPlay":false,"sceneViewState":{"m_AlwaysRefresh":false,"showFog":true,"showSkybox":false,"showFlares":true,"showImageEffects":true,"showParticleSystems":true,"showVisualEffectGraphs":true,"m_FxEnabled":true},"in2DMode":false,"pivot":{"x":1.583949089050293,"y":0.6867382526397705,"z":-1.3717703819274903},"rotation":{"x":-0.003670615376904607,"y":0.9931870102882385,"z":0.03097492828965187,"w":0.1136910691857338},"size":2.818342685699463,"orthographic":false}