{"cameraMode":{"drawMode":0,"name":"Shaded","section":"Shading Mode"},"sceneLighting":false,"audioPlay":false,"sceneViewState":{"m_AlwaysRefresh":false,"showFog":true,"showSkybox":false,"showFlares":true,"showImageEffects":true,"showParticleSystems":true,"showVisualEffectGraphs":true,"m_FxEnabled":true},"in2DMode":false,"pivot":{"x":0.10955174267292023,"y":-0.06484556198120117,"z":0.713531494140625},"rotation":{"x":0.3214593827724457,"y":0.021549759432673456,"z":-0.007506366353482008,"w":0.9468169808387756},"size":3.7606160640716554,"orthographic":false}