{"cameraMode":{"drawMode":0,"name":"Shaded","section":"Shading Mode"},"sceneLighting":false,"audioPlay":false,"sceneViewState":{"m_AlwaysRefresh":false,"showFog":true,"showSkybox":false,"showFlares":true,"showImageEffects":true,"showParticleSystems":true,"showVisualEffectGraphs":true,"m_FxEnabled":true},"in2DMode":false,"pivot":{"x":-7.057615280151367,"y":16.33271026611328,"z":16.378986358642579},"rotation":{"x":0.36803287267684939,"y":0.17715099453926087,"z":-0.07185421139001847,"w":0.9101352691650391},"size":29.796297073364259,"orthographic":false}