{"cameraMode":{"drawMode":0,"name":"Shaded","section":"Shading Mode"},"sceneLighting":false,"audioPlay":false,"sceneViewState":{"m_AlwaysRefresh":false,"showFog":true,"showSkybox":false,"showFlares":true,"showImageEffects":true,"showParticleSystems":true,"showVisualEffectGraphs":true,"m_FxEnabled":true},"in2DMode":false,"pivot":{"x":0.05273681879043579,"y":1.2277096509933472,"z":0.01034390926361084},"rotation":{"x":0.16725797951221467,"y":0.05646262317895889,"z":-0.009733845479786396,"w":0.9844032526016235},"size":2.0210940837860109,"orthographic":false}