{"cameraMode":{"drawMode":0,"name":"Shaded","section":"Shading Mode"},"sceneLighting":false,"audioPlay":false,"sceneViewState":{"m_AlwaysRefresh":false,"showFog":true,"showSkybox":false,"showFlares":true,"showImageEffects":true,"showParticleSystems":true,"showVisualEffectGraphs":true,"m_FxEnabled":true},"in2DMode":false,"pivot":{"x":-1.020726203918457,"y":0.6011291742324829,"z":-0.8989553451538086},"rotation":{"x":0.13391266763210298,"y":-0.8579121828079224,"z":0.28131529688835146,"w":0.40876126289367678},"size":2.164153575897217,"orthographic":false}