{"cameraMode":{"drawMode":0,"name":"Shaded","section":"Shading Mode"},"sceneLighting":false,"audioPlay":false,"sceneViewState":{"m_AlwaysRefresh":false,"showFog":true,"showSkybox":false,"showFlares":true,"showImageEffects":true,"showParticleSystems":true,"showVisualEffectGraphs":true,"m_FxEnabled":true},"in2DMode":false,"pivot":{"x":-2.5000009536743166,"y":1.5000008344650269,"z":-2.215688467025757},"rotation":{"x":0.022954383864998819,"y":-0.9771165251731873,"z":0.17196814715862275,"w":0.12610934674739839},"size":4.031426906585693,"orthographic":false}