{"cameraMode":{"drawMode":0,"name":"Shaded","section":"Shading Mode"},"sceneLighting":false,"audioPlay":false,"sceneViewState":{"m_AlwaysRefresh":false,"showFog":true,"showSkybox":false,"showFlares":true,"showImageEffects":true,"showParticleSystems":true,"showVisualEffectGraphs":true,"m_FxEnabled":true},"in2DMode":false,"pivot":{"x":0.5856236219406128,"y":1.2945363521575928,"z":-0.0014902204275131226},"rotation":{"x":0.159451425075531,"y":0.09049174189567566,"z":-0.014855888672173024,"w":0.9830994009971619},"size":1.4245473146438599,"orthographic":false}