{"cameraMode":{"drawMode":0,"name":"Shaded","section":"Shading Mode"},"sceneLighting":false,"audioPlay":false,"sceneViewState":{"m_AlwaysRefresh":false,"showFog":true,"showSkybox":false,"showFlares":true,"showImageEffects":true,"showParticleSystems":true,"showVisualEffectGraphs":true,"m_FxEnabled":true},"in2DMode":false,"pivot":{"x":4.290436267852783,"y":-9.615750312805176,"z":-16.844039916992189},"rotation":{"x":0.016756810247898103,"y":-0.9546127915382385,"z":0.2940150797367096,"w":0.05236346274614334},"size":13.729154586791993,"orthographic":false}