{"cameraMode":{"drawMode":0,"name":"Shaded","section":"Shading Mode"},"sceneLighting":false,"audioPlay":false,"sceneViewState":{"m_AlwaysRefresh":false,"showFog":true,"showSkybox":false,"showFlares":true,"showImageEffects":true,"showParticleSystems":true,"showVisualEffectGraphs":true,"m_FxEnabled":true},"in2DMode":false,"pivot":{"x":0.30893927812576296,"y":-0.7863717079162598,"z":-0.5575947761535645},"rotation":{"x":-0.28521642088890078,"y":-0.05976219102740288,"z":0.017822105437517167,"w":-0.9564422369003296},"size":2.8284270763397219,"orthographic":false}