{"cameraMode":{"drawMode":0,"name":"Shaded","section":"Shading Mode"},"sceneLighting":false,"audioPlay":false,"sceneViewState":{"m_AlwaysRefresh":false,"showFog":true,"showSkybox":false,"showFlares":true,"showImageEffects":true,"showParticleSystems":true,"showVisualEffectGraphs":true,"m_FxEnabled":true},"in2DMode":false,"pivot":{"x":0.13148856163024903,"y":1.4259445667266846,"z":0.5622296333312988},"rotation":{"x":0.14373008906841279,"y":0.03591235354542732,"z":-0.005396596621721983,"w":0.9891117811203003},"size":5.400017738342285,"orthographic":false}