{"cameraMode":{"drawMode":0,"name":"Shaded","section":"Shading Mode"},"sceneLighting":false,"audioPlay":false,"sceneViewState":{"m_AlwaysRefresh":false,"showFog":true,"showSkybox":false,"showFlares":true,"showImageEffects":true,"showParticleSystems":true,"showVisualEffectGraphs":true,"m_FxEnabled":true},"in2DMode":false,"pivot":{"x":0.2644495964050293,"y":-0.30404284596443179,"z":0.23434430360794068},"rotation":{"x":0.16725797951221467,"y":0.05646262317895889,"z":-0.009733845479786396,"w":0.9844032526016235},"size":1.7361276149749756,"orthographic":false}